<doxygenlayout version="1.0">
  <!-- Navigation index tabs for HTML output -->
  <navindex>
    <tab type="mainpage" visible="yes" title="Home"/>

	<tab type="usergroup" visible="yes" url="@ref patate_getting_started_page" title="Getting Started">
		<tab type="user" visible="yes" url="@ref getting_started_requirements_sec" title="Requirements"/>
		<tab type="user" visible="yes" url="@ref getting_started_download_sec" title="Download"/>
		<tab type="user" visible="yes" url="@ref getting_started_installation_sec" title="Installation"/>
		<tab type="user" visible="yes" url="@ref getting_started_first_step_sec" title="First steps"/>
	</tab>

	<tab type="usergroup" url="@ref patate_overview_page" title="Patates">
		<tab type="usergroup" url="grenaille_user_manual_page.html" title="Grenaille">
			<tab type="usergroup" url="grenaille_user_manual_page.html" title="User Manual">
				<tab type="user" visible="yes" url="@ref grenaille_user_manual_intro" title="Introduction"/>
				<tab type="user" visible="yes" url="@ref grenaille_user_manual_datas" title="Data Samples"/>
				<tab type="user" visible="yes" url="@ref grenaille_user_manual_Fitting" title="Fitting Process"/>
				<tab type="user" visible="yes" url="@ref grenaille_user_manual_outputs" title="Basic Outputs"/>
				<tab type="user" visible="yes" url="@ref grenaille_user_manual_cuvature" title="Computing Curvatures"/>
				<tab type="user" visible="yes" url="@ref grenaille_user_manual_going_further" title="Going Further"/>
			</tab>

			<tab type="usergroup" url="@ref grenaille_example_page" title="Examples">
				<tab type="user" visible="yes" url="@ref grenaille_example_cxx_basic_page" title="Basic example"/>
				<tab type="user" visible="yes" url="@ref grenaille_example_cxx_fit_plane_page" title="Plane fitting"/>
				<tab type="user" visible="yes" url="@ref grenaille_example_cxx_binding_page" title="External data-structure binding"/>
				<tab type="user" visible="yes" url="@ref grenaille_example_opengl_circle_page" title="Basket classes using OpenGL"/>
				<tab type="user" visible="yes" url="@ref grenaille_example_cxx_ssc_page" title="C++/CUDA screen space curvature"/>
				<tab type="user" visible="yes" url="@ref grenaille_example_python_ssc_page" title="Python/CUDA screen space curvature"/>
				<tab type="user" visible="yes" url="@ref grenaille_example_pcl_page" title="PCL Wrapper for surface curvature"/>
			</tab>
		</tab>

		<tab type="usergroup" url="vitelotte_user_manual_page.html" title="Vitelotte">
			<tab type="usergroup" url="vitelotte_user_manual_page.html" title="User Manual">
				<tab type="user" visible="yes" url="vitelotte_user_manual_diffusion_images_page.html" title="Diffusion images"/>
				<tab type="user" visible="yes" url="vitelotte_user_manual_tutorial_page.html" title="Tutorial"/>
				<tab type="user" visible="yes" url="vitelotte_user_manual_vg_mesh_page.html" title="The VGMesh class"/>
				<tab type="user" visible="yes" url="vitelotte_user_manual_dc_mesh_page.html" title="The DCMesh class"/>
				<tab type="user" visible="yes" url="vitelotte_user_manual_fem_solver_page.html" title="The FEM solver"/>
				<tab type="user" visible="yes" url="vitelotte_user_manual_rendering_page.html" title="Rendering"/>
				<tab type="user" visible="yes" url="vitelotte_user_manual_mvg_file_format_page.html" title="The MVG file format"/>
			</tab>

			<tab type="usergroup" url="@ref vitelotte_example_page" title="Examples">
				<!--<tab type="usergroup" url="@ref vitelotte_example_common_page" title="Common utilities">
					<tab type="user" visible="yes" url="@ref vitelotte_example_vg_node_renderer_page" title="VGNodeRenderer"/>
					<tab type="user" visible="yes" url="@ref vitelotte_example_plot_obj_page" title="OBJ Plotter"/>
				</tab>-->
				<tab type="user" visible="yes" url="@ref vitelotte_example_mvgtk_page" title="MVG Toolkit"/>
				<tab type="user" visible="yes" url="@ref vitelotte_example_mvg_viewer_page" title="MVG Viewer"/>
				<tab type="user" visible="yes" url="@ref vitelotte_example_mvg_editor_page" title="MVG Editor"/>
			</tab>
		</tab>
	</tab>
    <tab type="pages" visible="no" title="" intro=""/>
    <tab type="modules" visible="no" title="" intro=""/>
	<!-- <tab type="classes" visible="no" title=""> -->
	  <tab type="classlist" visible="yes" title="References" intro=""/>
	  <tab type="classindex" visible="no" title=""/>
	  <tab type="hierarchy" visible="no" title="" intro=""/>
	  <tab type="classmembers" visible="no" title="" intro=""/>
	<!-- </tab> -->
	<!-- <tab type="files" visible="yes" title="">
	  <tab type="filelist" visible="yes" title="" intro=""/>
	  <tab type="globals" visible="yes" title="" intro=""/>
	</tab>-->
	<!-- <tab type="examples" visible="yes" title="" intro=""/> -->
	<tab type="namespaces" visible="no" title="">
	  <tab type="namespacelist" visible="no" title="" intro=""/>
	  <tab type="namespacemembers" visible="no" title="" intro=""/>
	</tab>
    <tab type="user" visible="yes" title="Changelog" url="patate_changelog.html"/>
    <tab type="user" visible="yes" title="Citations" url="citelist.html"/>
    <tab type="user" visible="yes" title="Deprecated" url="deprecated.html"/>
  </navindex>

  <!-- Layout definition for a class page -->
  <class>
    <!-- <briefdescription visible="yes"/>  -->
    <includes visible="$SHOW_INCLUDE_FILES"/>
    <inheritancegraph visible="$CLASS_GRAPH"/>
    <collaborationgraph visible="$COLLABORATION_GRAPH"/>
    <detaileddescription title=""/>
    <memberdecl>
      <nestedclasses visible="yes" title=""/>
      <publictypes title=""/>
      <publicslots title=""/>
      <signals title=""/>
      <publicmethods title=""/>
      <publicstaticmethods title=""/>
      <publicattributes title=""/>
      <publicstaticattributes title=""/>
      <protectedtypes title=""/>
      <protectedslots title=""/>
      <protectedmethods title=""/>
      <protectedstaticmethods title=""/>
      <protectedattributes title=""/>
      <protectedstaticattributes title=""/>
      <packagetypes title=""/>
      <packagemethods title=""/>
      <packagestaticmethods title=""/>
      <packageattributes title=""/>
      <packagestaticattributes title=""/>
      <properties title=""/>
      <events title=""/>
      <privatetypes title=""/>
      <privateslots title=""/>
      <privatemethods title=""/>
      <privatestaticmethods title=""/>
      <privateattributes title=""/>
      <privatestaticattributes title=""/>
      <friends title=""/>
      <related title="" subtitle=""/>
      <membergroups visible="yes"/>
    </memberdecl>
    <memberdef>
      <inlineclasses title=""/>
      <typedefs title=""/>
      <enums title=""/>
      <constructors title=""/>
      <functions title=""/>
      <related title=""/>
      <variables title=""/>
      <properties title=""/>
      <events title=""/>
    </memberdef>
    <allmemberslink visible="yes"/>
    <usedfiles visible="$SHOW_USED_FILES"/>
    <authorsection visible="yes"/>
  </class>

  <!-- Layout definition for a namespace page -->
  <namespace>
    <detaileddescription title=""/>
    <memberdecl>
      <nestednamespaces visible="yes" title="Namespaces"/>
      <classes visible="yes" title=""/>
      <typedefs title=""/>
      <enums title=""/>
      <functions title=""/>
      <variables title=""/>
      <membergroups visible="yes"/>
    </memberdecl>
    <memberdef>
      <inlineclasses title=""/>
      <typedefs title=""/>
      <enums title=""/>
      <functions title=""/>
      <variables title=""/>
    </memberdef>
    <authorsection visible="yes"/>
  </namespace>

  <!-- Layout definition for a file page -->
  <file>
    <briefdescription visible="yes"/>
    <includes visible="$SHOW_INCLUDE_FILES"/>
    <includegraph visible="$INCLUDE_GRAPH"/>
    <includedbygraph visible="$INCLUDED_BY_GRAPH"/>
    <sourcelink visible="yes"/>
    <memberdecl>
      <classes visible="yes" title=""/>
      <namespaces visible="yes" title=""/>
      <defines title=""/>
      <typedefs title=""/>
      <enums title=""/>
      <functions title=""/>
      <variables title=""/>
      <membergroups visible="yes"/>
    </memberdecl>
    <detaileddescription title=""/>
    <memberdef>
      <inlineclasses title=""/>
      <defines title=""/>
      <typedefs title=""/>
      <enums title=""/>
      <functions title=""/>
      <variables title=""/>
    </memberdef>
    <authorsection/>
  </file>

  <!-- Layout definition for a group page -->
  <group>
    <briefdescription visible="yes"/>
    <groupgraph visible="$GROUP_GRAPHS"/>
    <memberdecl>
      <nestedgroups visible="yes" title=""/>
      <dirs visible="yes" title=""/>
      <files visible="yes" title=""/>
      <namespaces visible="yes" title=""/>
      <classes visible="yes" title=""/>
      <defines title=""/>
      <typedefs title=""/>
      <enums title=""/>
      <enumvalues title=""/>
      <functions title=""/>
      <variables title=""/>
      <signals title=""/>
      <publicslots title=""/>
      <protectedslots title=""/>
      <privateslots title=""/>
      <events title=""/>
      <properties title=""/>
      <friends title=""/>
      <membergroups visible="yes"/>
    </memberdecl>
    <detaileddescription title=""/>
    <memberdef>
      <pagedocs/>
      <inlineclasses title=""/>
      <defines title=""/>
      <typedefs title=""/>
      <enums title=""/>
      <enumvalues title=""/>
      <functions title=""/>
      <variables title=""/>
      <signals title=""/>
      <publicslots title=""/>
      <protectedslots title=""/>
      <privateslots title=""/>
      <events title=""/>
      <properties title=""/>
      <friends title=""/>
    </memberdef>
    <authorsection visible="yes"/>
  </group>

  <!-- Layout definition for a directory page -->
  <directory>
    <briefdescription visible="yes"/>
    <directorygraph visible="yes"/>
    <memberdecl>
      <dirs visible="yes"/>
      <files visible="yes"/>
    </memberdecl>
    <detaileddescription title=""/>
  </directory>
</doxygenlayout>
